sample_id,db_id,chart,hardness,error_before_logged,error_before_runtime,error_category,fix_strategy,semantic_risk,sql_after_ok,changed_chars,change_ratio,sql_before,sql_after
158,baseball_1,Bar,Hard,ambiguous column name: year,ambiguous column name: year,ambiguous_column_reference,qualify_ambiguous_column,low,True,6,0.978873,"SELECT year , COUNT(year) FROM postseason AS T1 JOIN team AS T2 ON T1.team_id_winner = T2.team_id_br WHERE T2.name = 'Boston Red Stockings'","SELECT T1.year , COUNT(T1.year) FROM postseason AS T1 JOIN team AS T2 ON T1.team_id_winner = T2.team_id_br WHERE T2.name = 'Boston Red Stockings'"
159,baseball_1,Bar,Hard,ambiguous column name: year,ambiguous column name: year,ambiguous_column_reference,flatten_nested_aggregate,high,True,2,0.971429,"SELECT year , SUM(count(*)) FROM postseason AS T1 JOIN team AS T2 ON T1.team_id_winner = T2.team_id_br WHERE T2.name = 'Boston Red Stockings'","SELECT T1.year , count(*) FROM postseason AS T1 JOIN team AS T2 ON T1.team_id_winner = T2.team_id_br WHERE T2.name = 'Boston Red Stockings'"
160,baseball_1,Bar,Hard,ambiguous column name: year,ambiguous column name: year,ambiguous_column_reference,flatten_nested_aggregate,high,True,2,0.971429,"SELECT year , AVG(count(*)) FROM postseason AS T1 JOIN team AS T2 ON T1.team_id_winner = T2.team_id_br WHERE T2.name = 'Boston Red Stockings'","SELECT T1.year , count(*) FROM postseason AS T1 JOIN team AS T2 ON T1.team_id_winner = T2.team_id_br WHERE T2.name = 'Boston Red Stockings'"
161,baseball_1,Line,Hard,ambiguous column name: year,ambiguous column name: year,ambiguous_column_reference,flatten_nested_aggregate,high,True,2,0.971429,"SELECT year , SUM(count(*)) FROM postseason AS T1 JOIN team AS T2 ON T1.team_id_winner = T2.team_id_br WHERE T2.name = 'Boston Red Stockings'","SELECT T1.year , count(*) FROM postseason AS T1 JOIN team AS T2 ON T1.team_id_winner = T2.team_id_br WHERE T2.name = 'Boston Red Stockings'"
162,baseball_1,Line,Hard,ambiguous column name: year,ambiguous column name: year,ambiguous_column_reference,flatten_nested_aggregate,high,True,2,0.971429,"SELECT year , AVG(count(*)) FROM postseason AS T1 JOIN team AS T2 ON T1.team_id_winner = T2.team_id_br WHERE T2.name = 'Boston Red Stockings'","SELECT T1.year , count(*) FROM postseason AS T1 JOIN team AS T2 ON T1.team_id_winner = T2.team_id_br WHERE T2.name = 'Boston Red Stockings'"
163,baseball_1,Line,Hard,ambiguous column name: year,ambiguous column name: year,ambiguous_column_reference,qualify_ambiguous_column,low,True,3,0.990291,"SELECT year , count(*) FROM postseason AS T1 JOIN team AS T2 ON T1.team_id_winner = T2.team_id_br WHERE T2.name = 'Boston Red Stockings' GROUP BY T1.year","SELECT T1.year , count(*) FROM postseason AS T1 JOIN team AS T2 ON T1.team_id_winner = T2.team_id_br WHERE T2.name = 'Boston Red Stockings' GROUP BY T1.year"
164,baseball_1,Line,Hard,ambiguous column name: year,ambiguous column name: year,ambiguous_column_reference,qualify_ambiguous_column,low,True,6,0.978873,"SELECT year , COUNT(year) FROM postseason AS T1 JOIN team AS T2 ON T1.team_id_winner = T2.team_id_br WHERE T2.name = 'Boston Red Stockings'","SELECT T1.year , COUNT(T1.year) FROM postseason AS T1 JOIN team AS T2 ON T1.team_id_winner = T2.team_id_br WHERE T2.name = 'Boston Red Stockings'"
182,behavior_monitoring,Pie,Hard,misuse of aggregate: count(),misuse of aggregate: count(),invalid_nested_aggregate,add_groupby_for_orderby_count,high,True,38,0.886228,"SELECT T2.first_name , T1.teacher_id FROM Assessment_Notes AS T1 JOIN Teachers AS T2 ON T1.teacher_id = T2.teacher_id ORDER BY count(*) DESC LIMIT 3","SELECT T2.first_name , T1.teacher_id FROM Assessment_Notes AS T1 JOIN Teachers AS T2 ON T1.teacher_id = T2.teacher_id GROUP BY T2.first_name, T1.teacher_id ORDER BY count(*) DESC LIMIT 3"
183,behavior_monitoring,Bar,Hard,misuse of aggregate: count(),misuse of aggregate: count(),invalid_nested_aggregate,add_groupby_for_orderby_count,high,True,38,0.886228,"SELECT T2.first_name , T1.teacher_id FROM Assessment_Notes AS T1 JOIN Teachers AS T2 ON T1.teacher_id = T2.teacher_id ORDER BY count(*) DESC LIMIT 3","SELECT T2.first_name , T1.teacher_id FROM Assessment_Notes AS T1 JOIN Teachers AS T2 ON T1.teacher_id = T2.teacher_id GROUP BY T2.first_name, T1.teacher_id ORDER BY count(*) DESC LIMIT 3"
423,car_1,Grouping Scatter,Medium,ambiguous column name: Continent,ambiguous column name: Continent,ambiguous_column_reference,qualify_ambiguous_column,low,True,3,0.987342,"SELECT T1.ContId , count(*) FROM CONTINENTS AS T1 JOIN COUNTRIES AS T2 ON T1.ContId = T2.Continent GROUP BY Continent","SELECT T1.ContId , count(*) FROM CONTINENTS AS T1 JOIN COUNTRIES AS T2 ON T1.ContId = T2.Continent GROUP BY T1.Continent"
676,college_3,Bar,Hard,"near T2"": syntax error""","near ""T2"": syntax error",malformed_sql_syntax,repair_sql_syntax,medium,True,1,0.996416,"SELECT T1.CName , COUNT(T1.CName) FROM COURSE AS T1 JOIN ENROLLED_IN AS T2 ON T1.CID = T2.CID GROUP BY T1.CName T2.CID HAVING COUNT(*) >= 5","SELECT T1.CName , COUNT(T1.CName) FROM COURSE AS T1 JOIN ENROLLED_IN AS T2 ON T1.CID = T2.CID GROUP BY T1.CName, T2.CID HAVING COUNT(*) >= 5"
877,cre_Drama_Workshop_Groups,Scatter,Medium,ambiguous column name: Service_Type_Code,ambiguous column name: Service_Type_Code,ambiguous_column_reference,qualify_ambiguous_column,low,True,3,0.990769,"SELECT Service_Type_Code , COUNT(*) FROM Ref_Service_Types AS T1 JOIN Services AS T2 ON T1.Service_Type_Code = T2.Service_Type_Code GROUP BY T2.Service_Type_Code","SELECT T1.Service_Type_Code , COUNT(*) FROM Ref_Service_Types AS T1 JOIN Services AS T2 ON T1.Service_Type_Code = T2.Service_Type_Code GROUP BY T2.Service_Type_Code"
878,cre_Drama_Workshop_Groups,Grouping Scatter,Medium,ambiguous column name: Service_Type_Code,ambiguous column name: Service_Type_Code,ambiguous_column_reference,qualify_ambiguous_column,low,True,3,0.990991,"SELECT Service_Type_Code , COUNT(*) FROM Ref_Service_Types AS T1 JOIN Services AS T2 ON T1.Service_Type_Code = T2.Service_Type_Code GROUP BY Service_Type_Description","SELECT T1.Service_Type_Code , COUNT(*) FROM Ref_Service_Types AS T1 JOIN Services AS T2 ON T1.Service_Type_Code = T2.Service_Type_Code GROUP BY Service_Type_Description"
1001,customers_and_products_contacts,Bar,Medium,misuse of aggregate function sum(),misuse of aggregate function sum(),invalid_nested_aggregate,flatten_nested_aggregate,high,True,5,0.983389,"SELECT T1.product_name , SUM(sum(T2.order_quantity)) FROM products AS T1 JOIN order_items AS T2 ON T1.product_id = T2.product_id GROUP BY T1.product_name","SELECT T1.product_name , sum(T2.order_quantity) FROM products AS T1 JOIN order_items AS T2 ON T1.product_id = T2.product_id GROUP BY T1.product_name"
1002,customers_and_products_contacts,Bar,Medium,misuse of aggregate function sum(),misuse of aggregate function sum(),invalid_nested_aggregate,flatten_nested_aggregate,high,True,5,0.983389,"SELECT T1.product_name , AVG(sum(T2.order_quantity)) FROM products AS T1 JOIN order_items AS T2 ON T1.product_id = T2.product_id GROUP BY T1.product_name","SELECT T1.product_name , sum(T2.order_quantity) FROM products AS T1 JOIN order_items AS T2 ON T1.product_id = T2.product_id GROUP BY T1.product_name"
1003,customers_and_products_contacts,Pie,Medium,misuse of aggregate function sum(),misuse of aggregate function sum(),invalid_nested_aggregate,flatten_nested_aggregate,high,True,5,0.983389,"SELECT T1.product_name , SUM(sum(T2.order_quantity)) FROM products AS T1 JOIN order_items AS T2 ON T1.product_id = T2.product_id GROUP BY T1.product_name","SELECT T1.product_name , sum(T2.order_quantity) FROM products AS T1 JOIN order_items AS T2 ON T1.product_id = T2.product_id GROUP BY T1.product_name"
1159,dog_kennels,Grouping Line,Extra Hard,"near name"": syntax error""","near ""name"": syntax error",malformed_sql_syntax,remove_dangling_token,low,True,5,0.988662,"SELECT date_of_treatment , COUNT(date_of_treatment) FROM Dogs AS T1 JOIN Treatments AS T2 ON T1.dog_id = T2.dog_id WHERE T1.breed_code = ( SELECT breed_code FROM Dogs GROUP BY breed_code ORDER BY count(*) ASC LIMIT 1 ) name","SELECT date_of_treatment , COUNT(date_of_treatment) FROM Dogs AS T1 JOIN Treatments AS T2 ON T1.dog_id = T2.dog_id WHERE T1.breed_code = ( SELECT breed_code FROM Dogs GROUP BY breed_code ORDER BY count(*) ASC LIMIT 1 )"
1160,dog_kennels,Stacked Bar,Extra Hard,"near name"": syntax error""","near ""name"": syntax error",malformed_sql_syntax,remove_dangling_token,low,True,5,0.988662,"SELECT date_of_treatment , COUNT(date_of_treatment) FROM Dogs AS T1 JOIN Treatments AS T2 ON T1.dog_id = T2.dog_id WHERE T1.breed_code = ( SELECT breed_code FROM Dogs GROUP BY breed_code ORDER BY count(*) ASC LIMIT 1 ) name","SELECT date_of_treatment , COUNT(date_of_treatment) FROM Dogs AS T1 JOIN Treatments AS T2 ON T1.dog_id = T2.dog_id WHERE T1.breed_code = ( SELECT breed_code FROM Dogs GROUP BY breed_code ORDER BY count(*) ASC LIMIT 1 )"
1307,election,Bar,Medium,misuse of aggregate function COUNT(),misuse of aggregate function COUNT(),invalid_nested_aggregate,flatten_nested_aggregate,high,True,5,0.977169,"SELECT T2.Party , SUM(COUNT(*)) FROM election AS T1 JOIN party AS T2 ON T1.Party = T2.Party_ID GROUP BY T2.Party","SELECT T2.Party , COUNT(*) FROM election AS T1 JOIN party AS T2 ON T1.Party = T2.Party_ID GROUP BY T2.Party"
1308,election,Bar,Medium,misuse of aggregate function COUNT(),misuse of aggregate function COUNT(),invalid_nested_aggregate,flatten_nested_aggregate,high,True,5,0.977169,"SELECT T2.Party , AVG(COUNT(*)) FROM election AS T1 JOIN party AS T2 ON T1.Party = T2.Party_ID GROUP BY T2.Party","SELECT T2.Party , COUNT(*) FROM election AS T1 JOIN party AS T2 ON T1.Party = T2.Party_ID GROUP BY T2.Party"
1309,election,Pie,Medium,misuse of aggregate function COUNT(),misuse of aggregate function COUNT(),invalid_nested_aggregate,flatten_nested_aggregate,high,True,5,0.977169,"SELECT T2.Party , SUM(COUNT(*)) FROM election AS T1 JOIN party AS T2 ON T1.Party = T2.Party_ID GROUP BY T2.Party","SELECT T2.Party , COUNT(*) FROM election AS T1 JOIN party AS T2 ON T1.Party = T2.Party_ID GROUP BY T2.Party"
1417,flight_4,Bar,Hard,misuse of aggregate: count(),misuse of aggregate: count(),invalid_nested_aggregate,add_groupby_for_orderby_count,high,True,26,0.898438,"SELECT T1.name , T1.alid FROM airlines AS T1 JOIN routes AS T2 ON T1.alid = T2.alid ORDER BY count(*) DESC LIMIT 10","SELECT T1.name , T1.alid FROM airlines AS T1 JOIN routes AS T2 ON T1.alid = T2.alid GROUP BY T1.name, T1.alid ORDER BY count(*) DESC LIMIT 10"
2143,local_govt_in_alabama,Bar,Medium,misuse of aggregate function count(),misuse of aggregate function count(),invalid_nested_aggregate,flatten_nested_aggregate,high,True,5,0.985915,"SELECT T1.Participant_Type_Code , SUM(count(*)) FROM Participants AS T1 JOIN Participants_in_Events AS T2 ON T1.Participant_ID = T2.Participant_ID GROUP BY T1.Participant_Type_Code","SELECT T1.Participant_Type_Code , count(*) FROM Participants AS T1 JOIN Participants_in_Events AS T2 ON T1.Participant_ID = T2.Participant_ID GROUP BY T1.Participant_Type_Code"
2144,local_govt_in_alabama,Bar,Medium,misuse of aggregate function count(),misuse of aggregate function count(),invalid_nested_aggregate,flatten_nested_aggregate,high,True,5,0.985915,"SELECT T1.Participant_Type_Code , AVG(count(*)) FROM Participants AS T1 JOIN Participants_in_Events AS T2 ON T1.Participant_ID = T2.Participant_ID GROUP BY T1.Participant_Type_Code","SELECT T1.Participant_Type_Code , count(*) FROM Participants AS T1 JOIN Participants_in_Events AS T2 ON T1.Participant_ID = T2.Participant_ID GROUP BY T1.Participant_Type_Code"
2263,manufactory_1,Grouping Scatter,Medium,ambiguous column name: Name,ambiguous column name: Name,ambiguous_column_reference,qualify_ambiguous_column,low,True,3,0.986900,"SELECT T1.Code , T1.Price FROM products AS T1 JOIN Manufacturers AS T2 ON T1.manufacturer = T2.code GROUP BY Name","SELECT T1.Code , T1.Price FROM products AS T1 JOIN Manufacturers AS T2 ON T1.manufacturer = T2.code GROUP BY T1.Name"
2275,manufactory_1,Grouping Scatter,Medium,ambiguous column name: Name,ambiguous column name: Name,ambiguous_column_reference,qualify_ambiguous_column,low,True,3,0.987654,"SELECT T1.Code , T1.Manufacturer FROM products AS T1 JOIN Manufacturers AS T2 ON T1.manufacturer = T2.code GROUP BY Name","SELECT T1.Code , T1.Manufacturer FROM products AS T1 JOIN Manufacturers AS T2 ON T1.manufacturer = T2.code GROUP BY T1.Name"
2276,manufactory_1,Grouping Scatter,Medium,ambiguous column name: Name,ambiguous column name: Name,ambiguous_column_reference,qualify_ambiguous_column,low,True,3,0.986784,"SELECT T1.Code , T1.Code FROM products AS T1 JOIN Manufacturers AS T2 ON T1.manufacturer = T2.code GROUP BY Name","SELECT T1.Code , T1.Code FROM products AS T1 JOIN Manufacturers AS T2 ON T1.manufacturer = T2.code GROUP BY T1.Name"
2277,manufactory_1,Grouping Scatter,Medium,ambiguous column name: Name,ambiguous column name: Name,ambiguous_column_reference,qualify_ambiguous_column,low,True,3,0.987124,"SELECT T1.Code , T2.Revenue FROM products AS T1 JOIN Manufacturers AS T2 ON T1.manufacturer = T2.code GROUP BY Name","SELECT T1.Code , T2.Revenue FROM products AS T1 JOIN Manufacturers AS T2 ON T1.manufacturer = T2.code GROUP BY T1.Name"
2278,manufactory_1,Grouping Scatter,Medium,ambiguous column name: Name,ambiguous column name: Name,ambiguous_column_reference,qualify_ambiguous_column,low,True,3,0.987755,"SELECT T1.Price , T1.Manufacturer FROM products AS T1 JOIN Manufacturers AS T2 ON T1.manufacturer = T2.code GROUP BY Name","SELECT T1.Price , T1.Manufacturer FROM products AS T1 JOIN Manufacturers AS T2 ON T1.manufacturer = T2.code GROUP BY T1.Name"
2279,manufactory_1,Grouping Scatter,Medium,ambiguous column name: Name,ambiguous column name: Name,ambiguous_column_reference,qualify_ambiguous_column,low,True,3,0.986900,"SELECT T1.Price , T1.Code FROM products AS T1 JOIN Manufacturers AS T2 ON T1.manufacturer = T2.code GROUP BY Name","SELECT T1.Price , T1.Code FROM products AS T1 JOIN Manufacturers AS T2 ON T1.manufacturer = T2.code GROUP BY T1.Name"
2280,manufactory_1,Grouping Scatter,Medium,ambiguous column name: Name,ambiguous column name: Name,ambiguous_column_reference,qualify_ambiguous_column,low,True,3,0.987234,"SELECT T1.Price , T2.Revenue FROM products AS T1 JOIN Manufacturers AS T2 ON T1.manufacturer = T2.code GROUP BY Name","SELECT T1.Price , T2.Revenue FROM products AS T1 JOIN Manufacturers AS T2 ON T1.manufacturer = T2.code GROUP BY T1.Name"
2281,manufactory_1,Grouping Scatter,Medium,ambiguous column name: Name,ambiguous column name: Name,ambiguous_column_reference,qualify_ambiguous_column,low,True,3,0.987654,"SELECT T1.Manufacturer , T1.Code FROM products AS T1 JOIN Manufacturers AS T2 ON T1.manufacturer = T2.code GROUP BY Name","SELECT T1.Manufacturer , T1.Code FROM products AS T1 JOIN Manufacturers AS T2 ON T1.manufacturer = T2.code GROUP BY T1.Name"
2282,manufactory_1,Grouping Scatter,Medium,ambiguous column name: Name,ambiguous column name: Name,ambiguous_column_reference,qualify_ambiguous_column,low,True,3,0.987952,"SELECT T1.Manufacturer , T2.Revenue FROM products AS T1 JOIN Manufacturers AS T2 ON T1.manufacturer = T2.code GROUP BY Name","SELECT T1.Manufacturer , T2.Revenue FROM products AS T1 JOIN Manufacturers AS T2 ON T1.manufacturer = T2.code GROUP BY T1.Name"
2283,manufactory_1,Grouping Scatter,Medium,ambiguous column name: Name,ambiguous column name: Name,ambiguous_column_reference,qualify_ambiguous_column,low,True,3,0.987124,"SELECT T1.Code , T2.Revenue FROM products AS T1 JOIN Manufacturers AS T2 ON T1.manufacturer = T2.code GROUP BY Name","SELECT T1.Code , T2.Revenue FROM products AS T1 JOIN Manufacturers AS T2 ON T1.manufacturer = T2.code GROUP BY T1.Name"
2370,movie_1,Bar,Medium,misuse of aggregate function min(),misuse of aggregate function min(),invalid_nested_aggregate,flatten_nested_aggregate,high,True,5,0.976303,"SELECT T2.title , SUM(min(T1.stars)) FROM Rating AS T1 JOIN Movie AS T2 ON T1.mID = T2.mID GROUP BY T2.title","SELECT T2.title , min(T1.stars) FROM Rating AS T1 JOIN Movie AS T2 ON T1.mID = T2.mID GROUP BY T2.title"
2371,movie_1,Bar,Medium,misuse of aggregate function min(),misuse of aggregate function min(),invalid_nested_aggregate,flatten_nested_aggregate,high,True,5,0.976303,"SELECT T2.title , AVG(min(T1.stars)) FROM Rating AS T1 JOIN Movie AS T2 ON T1.mID = T2.mID GROUP BY T2.title","SELECT T2.title , min(T1.stars) FROM Rating AS T1 JOIN Movie AS T2 ON T1.mID = T2.mID GROUP BY T2.title"
2374,movie_1,Pie,Medium,misuse of aggregate function min(),misuse of aggregate function min(),invalid_nested_aggregate,flatten_nested_aggregate,high,True,5,0.976303,"SELECT T2.title , SUM(min(T1.stars)) FROM Rating AS T1 JOIN Movie AS T2 ON T1.mID = T2.mID GROUP BY T2.title","SELECT T2.title , min(T1.stars) FROM Rating AS T1 JOIN Movie AS T2 ON T1.mID = T2.mID GROUP BY T2.title"
2409,movie_1,Line,Hard,ambiguous column name: year,ambiguous column name: year,ambiguous_column_reference,qualify_ambiguous_column,low,True,6,0.974576,"SELECT year , COUNT(year) FROM Movie AS T1 JOIN Movie AS T2 ON T1.director = T2.director WHERE T1.title != T2.title","SELECT T1.year , COUNT(T1.year) FROM Movie AS T1 JOIN Movie AS T2 ON T1.director = T2.director WHERE T1.title != T2.title"
2431,music_1,Bar,Easy,aggregate functions are not allowed in the GROUP BY clause,aggregate functions are not allowed in the GROUP BY clause,aggregate_in_group_by,replace_groupby_aggregate_expr,medium,True,5,0.978723,"SELECT min(T1.duration) , min(T2.rating) FROM files AS T1 JOIN song AS T2 ON T1.f_id = T2.f_id GROUP BY min(T1.duration)","SELECT min(T1.duration) , min(T2.rating) FROM files AS T1 JOIN song AS T2 ON T1.f_id = T2.f_id GROUP BY T1.duration"
2455,network_1,Bar,Medium,misuse of aggregate function count(),misuse of aggregate function count(),invalid_nested_aggregate,flatten_nested_aggregate,high,True,5,0.977578,"SELECT T2.name , SUM(count(*)) FROM Friend AS T1 JOIN Highschooler AS T2 ON T1.student_id = T2.id GROUP BY T2.name","SELECT T2.name , count(*) FROM Friend AS T1 JOIN Highschooler AS T2 ON T1.student_id = T2.id GROUP BY T2.name"
2456,network_1,Bar,Medium,misuse of aggregate function count(),misuse of aggregate function count(),invalid_nested_aggregate,flatten_nested_aggregate,high,True,5,0.977578,"SELECT T2.name , AVG(count(*)) FROM Friend AS T1 JOIN Highschooler AS T2 ON T1.student_id = T2.id GROUP BY T2.name","SELECT T2.name , count(*) FROM Friend AS T1 JOIN Highschooler AS T2 ON T1.student_id = T2.id GROUP BY T2.name"
2687,sakila_1,Bar,Extra Hard,SELECTs to the left and right of UNION do not have the same number of result columns,SELECTs to the left and right of UNION do not have the same number of result columns,union_column_mismatch,rewrite_union_projection_arity,high,True,49,0.888383,"SELECT payment_date , COUNT(payment_date) FROM payment WHERE amount > 10 UNION SELECT T1.payment_date FROM payment AS T1 JOIN staff AS T2 ON T1.staff_id = T2.staff_id WHERE T2.first_name = 'Elsa'","SELECT payment_date , COUNT(payment_date) FROM payment WHERE amount > 10 UNION SELECT T1.payment_date, COUNT(T1.payment_date) FROM payment AS T1 JOIN staff AS T2 ON T1.staff_id = T2.staff_id WHERE T2.first_name = 'Elsa' GROUP BY T1.payment_date"
2688,sakila_1,Bar,Extra Hard,SELECTs to the left and right of UNION do not have the same number of result columns,SELECTs to the left and right of UNION do not have the same number of result columns,union_column_mismatch,rewrite_union_projection_arity,high,True,49,0.888383,"SELECT payment_date , COUNT(payment_date) FROM payment WHERE amount > 10 UNION SELECT T1.payment_date FROM payment AS T1 JOIN staff AS T2 ON T1.staff_id = T2.staff_id WHERE T2.first_name = 'Elsa'","SELECT payment_date , COUNT(payment_date) FROM payment WHERE amount > 10 UNION SELECT T1.payment_date, COUNT(T1.payment_date) FROM payment AS T1 JOIN staff AS T2 ON T1.staff_id = T2.staff_id WHERE T2.first_name = 'Elsa' GROUP BY T1.payment_date"
2689,sakila_1,Line,Extra Hard,SELECTs to the left and right of UNION do not have the same number of result columns,SELECTs to the left and right of UNION do not have the same number of result columns,union_column_mismatch,rewrite_union_projection_arity,high,True,24,0.947598,"SELECT payment_date , COUNT(payment_date) FROM payment WHERE amount > 10 UNION SELECT T1.payment_date FROM payment AS T1 JOIN staff AS T2 ON T1.staff_id = T2.staff_id WHERE T2.first_name = 'Elsa' GROUP BY payment_date","SELECT payment_date , COUNT(payment_date) FROM payment WHERE amount > 10 UNION SELECT T1.payment_date, COUNT(T1.payment_date) FROM payment AS T1 JOIN staff AS T2 ON T1.staff_id = T2.staff_id WHERE T2.first_name = 'Elsa' GROUP BY payment_date"
2969,tracking_orders,Bar,Medium,misuse of aggregate function count(),misuse of aggregate function count(),invalid_nested_aggregate,flatten_nested_aggregate,high,True,5,0.986450,"SELECT T3.product_name , SUM(count(*)) FROM orders AS T1 JOIN order_items AS T2 JOIN products AS T3 ON T1.order_id = T2.order_id AND T2.product_id = T3.product_id GROUP BY T3.product_name","SELECT T3.product_name , count(*) FROM orders AS T1 JOIN order_items AS T2 JOIN products AS T3 ON T1.order_id = T2.order_id AND T2.product_id = T3.product_id GROUP BY T3.product_name"
2970,tracking_orders,Bar,Medium,misuse of aggregate function count(),misuse of aggregate function count(),invalid_nested_aggregate,flatten_nested_aggregate,high,True,5,0.986450,"SELECT T3.product_name , AVG(count(*)) FROM orders AS T1 JOIN order_items AS T2 JOIN products AS T3 ON T1.order_id = T2.order_id AND T2.product_id = T3.product_id GROUP BY T3.product_name","SELECT T3.product_name , count(*) FROM orders AS T1 JOIN order_items AS T2 JOIN products AS T3 ON T1.order_id = T2.order_id AND T2.product_id = T3.product_id GROUP BY T3.product_name"
2971,tracking_orders,Pie,Medium,misuse of aggregate function count(),misuse of aggregate function count(),invalid_nested_aggregate,flatten_nested_aggregate,high,True,5,0.986450,"SELECT T3.product_name , SUM(count(*)) FROM orders AS T1 JOIN order_items AS T2 JOIN products AS T3 ON T1.order_id = T2.order_id AND T2.product_id = T3.product_id GROUP BY T3.product_name","SELECT T3.product_name , count(*) FROM orders AS T1 JOIN order_items AS T2 JOIN products AS T3 ON T1.order_id = T2.order_id AND T2.product_id = T3.product_id GROUP BY T3.product_name"
3019,tracking_share_transactions,Pie,Hard,misuse of aggregate: COUNT(),misuse of aggregate: COUNT(),invalid_nested_aggregate,add_groupby_for_orderby_count,high,True,45,0.872521,"SELECT T1.Investor_details , T1.investor_id FROM INVESTORS AS T1 JOIN TRANSACTIONS AS T2 ON T1.investor_id = T2.investor_id ORDER BY COUNT(*) DESC LIMIT 3","SELECT T1.Investor_details , T1.investor_id FROM INVESTORS AS T1 JOIN TRANSACTIONS AS T2 ON T1.investor_id = T2.investor_id GROUP BY T1.Investor_details, T1.investor_id ORDER BY COUNT(*) DESC LIMIT 3"
3020,tracking_share_transactions,Bar,Hard,misuse of aggregate: COUNT(),misuse of aggregate: COUNT(),invalid_nested_aggregate,add_groupby_for_orderby_count,high,True,45,0.872521,"SELECT T1.Investor_details , T1.investor_id FROM INVESTORS AS T1 JOIN TRANSACTIONS AS T2 ON T1.investor_id = T2.investor_id ORDER BY COUNT(*) DESC LIMIT 3","SELECT T1.Investor_details , T1.investor_id FROM INVESTORS AS T1 JOIN TRANSACTIONS AS T2 ON T1.investor_id = T2.investor_id GROUP BY T1.Investor_details, T1.investor_id ORDER BY COUNT(*) DESC LIMIT 3"
3219,wine_1,Scatter,Medium,aggregate functions are not allowed in the GROUP BY clause,aggregate functions are not allowed in the GROUP BY clause,aggregate_in_group_by,replace_groupby_aggregate_expr,medium,True,5,0.956522,"SELECT avg(Price) , avg(Score) FROM WINE GROUP BY avg(Price)","SELECT avg(Price) , avg(Score) FROM WINE GROUP BY Price"
3241,wine_1,Bar,Medium,misuse of aggregate function avg(),misuse of aggregate function avg(),invalid_nested_aggregate,flatten_nested_aggregate,high,True,5,0.931507,"SELECT Year , SUM(avg(Price)) FROM WINE","SELECT Year , avg(Price) FROM WINE"
3249,wine_1,Bar,Easy,misuse of aggregate function max(),misuse of aggregate function max(),invalid_nested_aggregate,flatten_nested_aggregate,high,True,5,0.931507,"SELECT Year , AVG(max(Price)) FROM WINE","SELECT Year , max(Price) FROM WINE"
3251,wine_1,Bar,Easy,misuse of aggregate function max(),misuse of aggregate function max(),invalid_nested_aggregate,flatten_nested_aggregate,high,True,5,0.931507,"SELECT Year , AVG(max(Score)) FROM WINE","SELECT Year , max(Score) FROM WINE"
3257,wine_1,Scatter,Easy,aggregate functions are not allowed in the GROUP BY clause,aggregate functions are not allowed in the GROUP BY clause,aggregate_in_group_by,replace_groupby_aggregate_expr,medium,True,5,0.956522,"SELECT max(Price) , max(Score) FROM WINE GROUP BY max(Price)","SELECT max(Price) , max(Score) FROM WINE GROUP BY Price"
2202@x_name@ASC,manufactory_1,Bar,Medium,ambiguous column name: Name,ambiguous column name: Name,ambiguous_column_reference,qualify_ambiguous_column,low,True,3,0.989324,"SELECT T1.Name , max(T1.Price) FROM products AS T1 JOIN Manufacturers AS T2 ON T1.manufacturer = T2.code GROUP BY T1.Name ORDER BY Name ASC","SELECT T1.Name , max(T1.Price) FROM products AS T1 JOIN Manufacturers AS T2 ON T1.manufacturer = T2.code GROUP BY T1.Name ORDER BY T1.Name ASC"
2202@x_name@DESC,manufactory_1,Bar,Medium,ambiguous column name: Name,ambiguous column name: Name,ambiguous_column_reference,qualify_ambiguous_column,low,True,3,0.989399,"SELECT T1.Name , max(T1.Price) FROM products AS T1 JOIN Manufacturers AS T2 ON T1.manufacturer = T2.code GROUP BY T1.Name ORDER BY Name DESC","SELECT T1.Name , max(T1.Price) FROM products AS T1 JOIN Manufacturers AS T2 ON T1.manufacturer = T2.code GROUP BY T1.Name ORDER BY T1.Name DESC"
2203@x_name@ASC,manufactory_1,Bar,Medium,ambiguous column name: Name,ambiguous column name: Name,ambiguous_column_reference,qualify_ambiguous_column,low,True,3,0.989324,"SELECT T2.Name , max(T1.Price) FROM products AS T1 JOIN Manufacturers AS T2 ON T1.manufacturer = T2.code GROUP BY T2.Name ORDER BY Name ASC","SELECT T2.Name , max(T1.Price) FROM products AS T1 JOIN Manufacturers AS T2 ON T1.manufacturer = T2.code GROUP BY T2.Name ORDER BY T1.Name ASC"
2203@x_name@DESC,manufactory_1,Bar,Medium,ambiguous column name: Name,ambiguous column name: Name,ambiguous_column_reference,qualify_ambiguous_column,low,True,3,0.989399,"SELECT T2.Name , max(T1.Price) FROM products AS T1 JOIN Manufacturers AS T2 ON T1.manufacturer = T2.code GROUP BY T2.Name ORDER BY Name DESC","SELECT T2.Name , max(T1.Price) FROM products AS T1 JOIN Manufacturers AS T2 ON T1.manufacturer = T2.code GROUP BY T2.Name ORDER BY T1.Name DESC"
2431@x_name@ASC,music_1,Bar,Medium,aggregate functions are not allowed in the GROUP BY clause,aggregate functions are not allowed in the GROUP BY clause,aggregate_in_group_by,replace_groupby_aggregate_expr,medium,True,5,0.983051,"SELECT min(T1.duration) , min(T2.rating) FROM files AS T1 JOIN song AS T2 ON T1.f_id = T2.f_id GROUP BY min(T1.duration) ORDER BY min(T1.duration) ASC","SELECT min(T1.duration) , min(T2.rating) FROM files AS T1 JOIN song AS T2 ON T1.f_id = T2.f_id GROUP BY T1.duration ORDER BY min(T1.duration) ASC"
2431@x_name@DESC,music_1,Bar,Medium,aggregate functions are not allowed in the GROUP BY clause,aggregate functions are not allowed in the GROUP BY clause,aggregate_in_group_by,replace_groupby_aggregate_expr,medium,True,5,0.983165,"SELECT min(T1.duration) , min(T2.rating) FROM files AS T1 JOIN song AS T2 ON T1.f_id = T2.f_id GROUP BY min(T1.duration) ORDER BY min(T1.duration) DESC","SELECT min(T1.duration) , min(T2.rating) FROM files AS T1 JOIN song AS T2 ON T1.f_id = T2.f_id GROUP BY T1.duration ORDER BY min(T1.duration) DESC"
2431@y_name@ASC,music_1,Bar,Medium,aggregate functions are not allowed in the GROUP BY clause,aggregate functions are not allowed in the GROUP BY clause,aggregate_in_group_by,replace_groupby_aggregate_expr,medium,True,5,0.982818,"SELECT min(T1.duration) , min(T2.rating) FROM files AS T1 JOIN song AS T2 ON T1.f_id = T2.f_id GROUP BY min(T1.duration) ORDER BY min(T2.rating) ASC","SELECT min(T1.duration) , min(T2.rating) FROM files AS T1 JOIN song AS T2 ON T1.f_id = T2.f_id GROUP BY T1.duration ORDER BY min(T2.rating) ASC"
2431@y_name@DESC,music_1,Bar,Medium,aggregate functions are not allowed in the GROUP BY clause,aggregate functions are not allowed in the GROUP BY clause,aggregate_in_group_by,replace_groupby_aggregate_expr,medium,True,5,0.982935,"SELECT min(T1.duration) , min(T2.rating) FROM files AS T1 JOIN song AS T2 ON T1.f_id = T2.f_id GROUP BY min(T1.duration) ORDER BY min(T2.rating) DESC","SELECT min(T1.duration) , min(T2.rating) FROM files AS T1 JOIN song AS T2 ON T1.f_id = T2.f_id GROUP BY T1.duration ORDER BY min(T2.rating) DESC"
3241@y_name@ASC,wine_1,Bar,Medium,misuse of aggregate function avg(),misuse of aggregate function avg(),invalid_nested_aggregate,flatten_nested_aggregate,high,True,11,0.913386,"SELECT Year , SUM(avg(Price)) FROM WINE  ORDER BY SUM(avg(Price)) ASC","SELECT Year , avg(Price) FROM WINE ORDER BY avg(Price) ASC"
3241@y_name@DESC,wine_1,Bar,Medium,misuse of aggregate function avg(),misuse of aggregate function avg(),invalid_nested_aggregate,flatten_nested_aggregate,high,True,11,0.914729,"SELECT Year , SUM(avg(Price)) FROM WINE  ORDER BY SUM(avg(Price)) DESC","SELECT Year , avg(Price) FROM WINE ORDER BY avg(Price) DESC"
3249@y_name@ASC,wine_1,Bar,Medium,misuse of aggregate function max(),misuse of aggregate function max(),invalid_nested_aggregate,flatten_nested_aggregate,high,True,11,0.913386,"SELECT Year , AVG(max(Price)) FROM WINE  ORDER BY AVG(max(Price)) ASC","SELECT Year , max(Price) FROM WINE ORDER BY max(Price) ASC"
3249@y_name@DESC,wine_1,Bar,Medium,misuse of aggregate function max(),misuse of aggregate function max(),invalid_nested_aggregate,flatten_nested_aggregate,high,True,11,0.914729,"SELECT Year , AVG(max(Price)) FROM WINE  ORDER BY AVG(max(Price)) DESC","SELECT Year , max(Price) FROM WINE ORDER BY max(Price) DESC"
3251@y_name@ASC,wine_1,Bar,Medium,misuse of aggregate function max(),misuse of aggregate function max(),invalid_nested_aggregate,flatten_nested_aggregate,high,True,11,0.913386,"SELECT Year , AVG(max(Score)) FROM WINE  ORDER BY AVG(max(Score)) ASC","SELECT Year , max(Score) FROM WINE ORDER BY max(Score) ASC"
3251@y_name@DESC,wine_1,Bar,Medium,misuse of aggregate function max(),misuse of aggregate function max(),invalid_nested_aggregate,flatten_nested_aggregate,high,True,11,0.914729,"SELECT Year , AVG(max(Score)) FROM WINE  ORDER BY AVG(max(Score)) DESC","SELECT Year , max(Score) FROM WINE ORDER BY max(Score) DESC"
676@x_name@ASC,college_3,Bar,Extra Hard,"near T2"": syntax error""","near ""T2"": syntax error",malformed_sql_syntax,repair_sql_syntax,medium,True,1,0.996904,"SELECT T1.CName , COUNT(T1.CName) FROM COURSE AS T1 JOIN ENROLLED_IN AS T2 ON T1.CID = T2.CID GROUP BY T1.CName T2.CID HAVING COUNT(*) >= 5 ORDER BY T1.CName ASC","SELECT T1.CName , COUNT(T1.CName) FROM COURSE AS T1 JOIN ENROLLED_IN AS T2 ON T1.CID = T2.CID GROUP BY T1.CName, T2.CID HAVING COUNT(*) >= 5 ORDER BY T1.CName ASC"
676@x_name@DESC,college_3,Bar,Extra Hard,"near T2"": syntax error""","near ""T2"": syntax error",malformed_sql_syntax,repair_sql_syntax,medium,True,1,0.996923,"SELECT T1.CName , COUNT(T1.CName) FROM COURSE AS T1 JOIN ENROLLED_IN AS T2 ON T1.CID = T2.CID GROUP BY T1.CName T2.CID HAVING COUNT(*) >= 5 ORDER BY T1.CName DESC","SELECT T1.CName , COUNT(T1.CName) FROM COURSE AS T1 JOIN ENROLLED_IN AS T2 ON T1.CID = T2.CID GROUP BY T1.CName, T2.CID HAVING COUNT(*) >= 5 ORDER BY T1.CName DESC"
676@y_name@ASC,college_3,Bar,Extra Hard,"near T2"": syntax error""","near ""T2"": syntax error",malformed_sql_syntax,repair_sql_syntax,medium,True,1,0.997033,"SELECT T1.CName , COUNT(T1.CName) FROM COURSE AS T1 JOIN ENROLLED_IN AS T2 ON T1.CID = T2.CID GROUP BY T1.CName T2.CID HAVING COUNT(*) >= 5 ORDER BY COUNT(T1.CName) ASC","SELECT T1.CName , COUNT(T1.CName) FROM COURSE AS T1 JOIN ENROLLED_IN AS T2 ON T1.CID = T2.CID GROUP BY T1.CName, T2.CID HAVING COUNT(*) >= 5 ORDER BY COUNT(T1.CName) ASC"
676@y_name@DESC,college_3,Bar,Extra Hard,"near T2"": syntax error""","near ""T2"": syntax error",malformed_sql_syntax,repair_sql_syntax,medium,True,1,0.997050,"SELECT T1.CName , COUNT(T1.CName) FROM COURSE AS T1 JOIN ENROLLED_IN AS T2 ON T1.CID = T2.CID GROUP BY T1.CName T2.CID HAVING COUNT(*) >= 5 ORDER BY COUNT(T1.CName) DESC","SELECT T1.CName , COUNT(T1.CName) FROM COURSE AS T1 JOIN ENROLLED_IN AS T2 ON T1.CID = T2.CID GROUP BY T1.CName, T2.CID HAVING COUNT(*) >= 5 ORDER BY COUNT(T1.CName) DESC"
2687@y_name@ASC,sakila_1,Bar,Extra Hard,SELECTs to the left and right of UNION do not have the same number of result columns,SELECTs to the left and right of UNION do not have the same number of result columns,union_column_mismatch,rewrite_union_projection_arity,high,True,49,0.883168,"SELECT payment_date , COUNT(payment_date) FROM payment WHERE amount > 10 UNION SELECT T1.payment_date FROM payment AS T1 JOIN staff AS T2 ON T1.staff_id = T2.staff_id WHERE T2.first_name = 'Elsa' ORDER BY COUNT(payment_date) ASC","SELECT payment_date , COUNT(payment_date) FROM payment WHERE amount > 10 UNION SELECT T1.payment_date, COUNT(T1.payment_date) FROM payment AS T1 JOIN staff AS T2 ON T1.staff_id = T2.staff_id WHERE T2.first_name = 'Elsa' GROUP BY T1.payment_date ORDER BY COUNT(payment_date) ASC"
2687@y_name@DESC,sakila_1,Bar,Extra Hard,SELECTs to the left and right of UNION do not have the same number of result columns,SELECTs to the left and right of UNION do not have the same number of result columns,union_column_mismatch,rewrite_union_projection_arity,high,True,49,0.883629,"SELECT payment_date , COUNT(payment_date) FROM payment WHERE amount > 10 UNION SELECT T1.payment_date FROM payment AS T1 JOIN staff AS T2 ON T1.staff_id = T2.staff_id WHERE T2.first_name = 'Elsa' ORDER BY COUNT(payment_date) DESC","SELECT payment_date , COUNT(payment_date) FROM payment WHERE amount > 10 UNION SELECT T1.payment_date, COUNT(T1.payment_date) FROM payment AS T1 JOIN staff AS T2 ON T1.staff_id = T2.staff_id WHERE T2.first_name = 'Elsa' GROUP BY T1.payment_date ORDER BY COUNT(payment_date) DESC"
2688@y_name@ASC,sakila_1,Bar,Extra Hard,SELECTs to the left and right of UNION do not have the same number of result columns,SELECTs to the left and right of UNION do not have the same number of result columns,union_column_mismatch,rewrite_union_projection_arity,high,True,49,0.883168,"SELECT payment_date , COUNT(payment_date) FROM payment WHERE amount > 10 UNION SELECT T1.payment_date FROM payment AS T1 JOIN staff AS T2 ON T1.staff_id = T2.staff_id WHERE T2.first_name = 'Elsa' ORDER BY COUNT(payment_date) ASC","SELECT payment_date , COUNT(payment_date) FROM payment WHERE amount > 10 UNION SELECT T1.payment_date, COUNT(T1.payment_date) FROM payment AS T1 JOIN staff AS T2 ON T1.staff_id = T2.staff_id WHERE T2.first_name = 'Elsa' GROUP BY T1.payment_date ORDER BY COUNT(payment_date) ASC"
2688@y_name@DESC,sakila_1,Bar,Extra Hard,SELECTs to the left and right of UNION do not have the same number of result columns,SELECTs to the left and right of UNION do not have the same number of result columns,union_column_mismatch,rewrite_union_projection_arity,high,True,49,0.883629,"SELECT payment_date , COUNT(payment_date) FROM payment WHERE amount > 10 UNION SELECT T1.payment_date FROM payment AS T1 JOIN staff AS T2 ON T1.staff_id = T2.staff_id WHERE T2.first_name = 'Elsa' ORDER BY COUNT(payment_date) DESC","SELECT payment_date , COUNT(payment_date) FROM payment WHERE amount > 10 UNION SELECT T1.payment_date, COUNT(T1.payment_date) FROM payment AS T1 JOIN staff AS T2 ON T1.staff_id = T2.staff_id WHERE T2.first_name = 'Elsa' GROUP BY T1.payment_date ORDER BY COUNT(payment_date) DESC"
2689@x_name@ASC,sakila_1,Line,Extra Hard,SELECTs to the left and right of UNION do not have the same number of result columns,SELECTs to the left and right of UNION do not have the same number of result columns,union_column_mismatch,rewrite_union_projection_arity,high,True,24,0.952941,"SELECT payment_date , COUNT(payment_date) FROM payment WHERE amount > 10 UNION SELECT T1.payment_date FROM payment AS T1 JOIN staff AS T2 ON T1.staff_id = T2.staff_id WHERE T2.first_name = 'Elsa' GROUP BY payment_date ORDER BY payment_date ASC","SELECT payment_date , COUNT(payment_date) FROM payment WHERE amount > 10 UNION SELECT T1.payment_date, COUNT(T1.payment_date) FROM payment AS T1 JOIN staff AS T2 ON T1.staff_id = T2.staff_id WHERE T2.first_name = 'Elsa' GROUP BY payment_date ORDER BY payment_date ASC"
2689@x_name@DESC,sakila_1,Line,Extra Hard,SELECTs to the left and right of UNION do not have the same number of result columns,SELECTs to the left and right of UNION do not have the same number of result columns,union_column_mismatch,rewrite_union_projection_arity,high,True,24,0.953125,"SELECT payment_date , COUNT(payment_date) FROM payment WHERE amount > 10 UNION SELECT T1.payment_date FROM payment AS T1 JOIN staff AS T2 ON T1.staff_id = T2.staff_id WHERE T2.first_name = 'Elsa' GROUP BY payment_date ORDER BY payment_date DESC","SELECT payment_date , COUNT(payment_date) FROM payment WHERE amount > 10 UNION SELECT T1.payment_date, COUNT(T1.payment_date) FROM payment AS T1 JOIN staff AS T2 ON T1.staff_id = T2.staff_id WHERE T2.first_name = 'Elsa' GROUP BY payment_date ORDER BY payment_date DESC"
2370@x_name@ASC,movie_1,Bar,Hard,misuse of aggregate function min(),misuse of aggregate function min(),invalid_nested_aggregate,flatten_nested_aggregate,high,True,5,0.980392,"SELECT T2.title , SUM(min(T1.stars)) FROM Rating AS T1 JOIN Movie AS T2 ON T1.mID = T2.mID GROUP BY T2.title ORDER BY T2.title ASC","SELECT T2.title , min(T1.stars) FROM Rating AS T1 JOIN Movie AS T2 ON T1.mID = T2.mID GROUP BY T2.title ORDER BY T2.title ASC"
2370@x_name@DESC,movie_1,Bar,Hard,misuse of aggregate function min(),misuse of aggregate function min(),invalid_nested_aggregate,flatten_nested_aggregate,high,True,5,0.980545,"SELECT T2.title , SUM(min(T1.stars)) FROM Rating AS T1 JOIN Movie AS T2 ON T1.mID = T2.mID GROUP BY T2.title ORDER BY T2.title DESC","SELECT T2.title , min(T1.stars) FROM Rating AS T1 JOIN Movie AS T2 ON T1.mID = T2.mID GROUP BY T2.title ORDER BY T2.title DESC"
2370@y_name@ASC,movie_1,Bar,Hard,misuse of aggregate function min(),misuse of aggregate function min(),invalid_nested_aggregate,flatten_nested_aggregate,high,True,10,0.962963,"SELECT T2.title , SUM(min(T1.stars)) FROM Rating AS T1 JOIN Movie AS T2 ON T1.mID = T2.mID GROUP BY T2.title ORDER BY SUM(min(T1.stars)) ASC","SELECT T2.title , min(T1.stars) FROM Rating AS T1 JOIN Movie AS T2 ON T1.mID = T2.mID GROUP BY T2.title ORDER BY min(T1.stars) ASC"
2370@y_name@DESC,movie_1,Bar,Hard,misuse of aggregate function min(),misuse of aggregate function min(),invalid_nested_aggregate,flatten_nested_aggregate,high,True,10,0.963235,"SELECT T2.title , SUM(min(T1.stars)) FROM Rating AS T1 JOIN Movie AS T2 ON T1.mID = T2.mID GROUP BY T2.title ORDER BY SUM(min(T1.stars)) DESC","SELECT T2.title , min(T1.stars) FROM Rating AS T1 JOIN Movie AS T2 ON T1.mID = T2.mID GROUP BY T2.title ORDER BY min(T1.stars) DESC"
2371@x_name@ASC,movie_1,Bar,Hard,misuse of aggregate function min(),misuse of aggregate function min(),invalid_nested_aggregate,flatten_nested_aggregate,high,True,5,0.980392,"SELECT T2.title , AVG(min(T1.stars)) FROM Rating AS T1 JOIN Movie AS T2 ON T1.mID = T2.mID GROUP BY T2.title ORDER BY T2.title ASC","SELECT T2.title , min(T1.stars) FROM Rating AS T1 JOIN Movie AS T2 ON T1.mID = T2.mID GROUP BY T2.title ORDER BY T2.title ASC"
2371@x_name@DESC,movie_1,Bar,Hard,misuse of aggregate function min(),misuse of aggregate function min(),invalid_nested_aggregate,flatten_nested_aggregate,high,True,5,0.980545,"SELECT T2.title , AVG(min(T1.stars)) FROM Rating AS T1 JOIN Movie AS T2 ON T1.mID = T2.mID GROUP BY T2.title ORDER BY T2.title DESC","SELECT T2.title , min(T1.stars) FROM Rating AS T1 JOIN Movie AS T2 ON T1.mID = T2.mID GROUP BY T2.title ORDER BY T2.title DESC"
2371@y_name@ASC,movie_1,Bar,Hard,misuse of aggregate function min(),misuse of aggregate function min(),invalid_nested_aggregate,flatten_nested_aggregate,high,True,10,0.962963,"SELECT T2.title , AVG(min(T1.stars)) FROM Rating AS T1 JOIN Movie AS T2 ON T1.mID = T2.mID GROUP BY T2.title ORDER BY AVG(min(T1.stars)) ASC","SELECT T2.title , min(T1.stars) FROM Rating AS T1 JOIN Movie AS T2 ON T1.mID = T2.mID GROUP BY T2.title ORDER BY min(T1.stars) ASC"
2371@y_name@DESC,movie_1,Bar,Hard,misuse of aggregate function min(),misuse of aggregate function min(),invalid_nested_aggregate,flatten_nested_aggregate,high,True,10,0.963235,"SELECT T2.title , AVG(min(T1.stars)) FROM Rating AS T1 JOIN Movie AS T2 ON T1.mID = T2.mID GROUP BY T2.title ORDER BY AVG(min(T1.stars)) DESC","SELECT T2.title , min(T1.stars) FROM Rating AS T1 JOIN Movie AS T2 ON T1.mID = T2.mID GROUP BY T2.title ORDER BY min(T1.stars) DESC"
2409@x_name@ASC,movie_1,Line,Extra Hard,ambiguous column name: year,ambiguous column name: year,ambiguous_column_reference,qualify_ambiguous_column,low,True,9,0.967273,"SELECT year , COUNT(year) FROM Movie AS T1 JOIN Movie AS T2 ON T1.director = T2.director WHERE T1.title != T2.title ORDER BY year ASC","SELECT T1.year , COUNT(T1.year) FROM Movie AS T1 JOIN Movie AS T2 ON T1.director = T2.director WHERE T1.title != T2.title ORDER BY T1.year ASC"
2409@x_name@DESC,movie_1,Line,Extra Hard,ambiguous column name: year,ambiguous column name: year,ambiguous_column_reference,qualify_ambiguous_column,low,True,9,0.967509,"SELECT year , COUNT(year) FROM Movie AS T1 JOIN Movie AS T2 ON T1.director = T2.director WHERE T1.title != T2.title ORDER BY year DESC","SELECT T1.year , COUNT(T1.year) FROM Movie AS T1 JOIN Movie AS T2 ON T1.director = T2.director WHERE T1.title != T2.title ORDER BY T1.year DESC"
158@y_name@ASC,baseball_1,Bar,Extra Hard,ambiguous column name: year,ambiguous column name: year,ambiguous_column_reference,qualify_ambiguous_column,low,True,9,0.973294,"SELECT year , COUNT(year) FROM postseason AS T1 JOIN team AS T2 ON T1.team_id_winner = T2.team_id_br WHERE T2.name = 'Boston Red Stockings' ORDER BY COUNT(year) ASC","SELECT T1.year , COUNT(T1.year) FROM postseason AS T1 JOIN team AS T2 ON T1.team_id_winner = T2.team_id_br WHERE T2.name = 'Boston Red Stockings' ORDER BY COUNT(T1.year) ASC"
158@y_name@DESC,baseball_1,Bar,Extra Hard,ambiguous column name: year,ambiguous column name: year,ambiguous_column_reference,qualify_ambiguous_column,low,True,9,0.973451,"SELECT year , COUNT(year) FROM postseason AS T1 JOIN team AS T2 ON T1.team_id_winner = T2.team_id_br WHERE T2.name = 'Boston Red Stockings' ORDER BY COUNT(year) DESC","SELECT T1.year , COUNT(T1.year) FROM postseason AS T1 JOIN team AS T2 ON T1.team_id_winner = T2.team_id_br WHERE T2.name = 'Boston Red Stockings' ORDER BY COUNT(T1.year) DESC"
159@y_name@ASC,baseball_1,Bar,Extra Hard,ambiguous column name: year,ambiguous column name: year,ambiguous_column_reference,flatten_nested_aggregate,high,True,10,0.913295,"SELECT year , SUM(count(*)) FROM postseason AS T1 JOIN team AS T2 ON T1.team_id_winner = T2.team_id_br WHERE T2.name = 'Boston Red Stockings' ORDER BY SUM(count(*)) ASC","SELECT T1.year , count(*) FROM postseason AS T1 JOIN team AS T2 ON T1.team_id_winner = T2.team_id_br WHERE T2.name = 'Boston Red Stockings' GROUP BY T1.year ORDER BY count(*) ASC"
159@y_name@DESC,baseball_1,Bar,Extra Hard,ambiguous column name: year,ambiguous column name: year,ambiguous_column_reference,flatten_nested_aggregate,high,True,10,0.913793,"SELECT year , SUM(count(*)) FROM postseason AS T1 JOIN team AS T2 ON T1.team_id_winner = T2.team_id_br WHERE T2.name = 'Boston Red Stockings' ORDER BY SUM(count(*)) DESC","SELECT T1.year , count(*) FROM postseason AS T1 JOIN team AS T2 ON T1.team_id_winner = T2.team_id_br WHERE T2.name = 'Boston Red Stockings' GROUP BY T1.year ORDER BY count(*) DESC"
160@y_name@ASC,baseball_1,Bar,Extra Hard,ambiguous column name: year,ambiguous column name: year,ambiguous_column_reference,flatten_nested_aggregate,high,True,10,0.913295,"SELECT year , AVG(count(*)) FROM postseason AS T1 JOIN team AS T2 ON T1.team_id_winner = T2.team_id_br WHERE T2.name = 'Boston Red Stockings' ORDER BY AVG(count(*)) ASC","SELECT T1.year , count(*) FROM postseason AS T1 JOIN team AS T2 ON T1.team_id_winner = T2.team_id_br WHERE T2.name = 'Boston Red Stockings' GROUP BY T1.year ORDER BY count(*) ASC"
160@y_name@DESC,baseball_1,Bar,Extra Hard,ambiguous column name: year,ambiguous column name: year,ambiguous_column_reference,flatten_nested_aggregate,high,True,10,0.913793,"SELECT year , AVG(count(*)) FROM postseason AS T1 JOIN team AS T2 ON T1.team_id_winner = T2.team_id_br WHERE T2.name = 'Boston Red Stockings' ORDER BY AVG(count(*)) DESC","SELECT T1.year , count(*) FROM postseason AS T1 JOIN team AS T2 ON T1.team_id_winner = T2.team_id_br WHERE T2.name = 'Boston Red Stockings' GROUP BY T1.year ORDER BY count(*) DESC"
161@x_name@ASC,baseball_1,Line,Extra Hard,ambiguous column name: year,ambiguous column name: year,ambiguous_column_reference,flatten_nested_aggregate,high,True,1,0.965517,"SELECT year , SUM(count(*)) FROM postseason AS T1 JOIN team AS T2 ON T1.team_id_winner = T2.team_id_br WHERE T2.name = 'Boston Red Stockings' ORDER BY year ASC","SELECT T1.year , count(*) FROM postseason AS T1 JOIN team AS T2 ON T1.team_id_winner = T2.team_id_br WHERE T2.name = 'Boston Red Stockings' ORDER BY T1.year ASC"
161@x_name@DESC,baseball_1,Line,Extra Hard,ambiguous column name: year,ambiguous column name: year,ambiguous_column_reference,flatten_nested_aggregate,high,True,1,0.965732,"SELECT year , SUM(count(*)) FROM postseason AS T1 JOIN team AS T2 ON T1.team_id_winner = T2.team_id_br WHERE T2.name = 'Boston Red Stockings' ORDER BY year DESC","SELECT T1.year , count(*) FROM postseason AS T1 JOIN team AS T2 ON T1.team_id_winner = T2.team_id_br WHERE T2.name = 'Boston Red Stockings' ORDER BY T1.year DESC"
162@x_name@ASC,baseball_1,Line,Extra Hard,ambiguous column name: year,ambiguous column name: year,ambiguous_column_reference,flatten_nested_aggregate,high,True,1,0.965517,"SELECT year , AVG(count(*)) FROM postseason AS T1 JOIN team AS T2 ON T1.team_id_winner = T2.team_id_br WHERE T2.name = 'Boston Red Stockings' ORDER BY year ASC","SELECT T1.year , count(*) FROM postseason AS T1 JOIN team AS T2 ON T1.team_id_winner = T2.team_id_br WHERE T2.name = 'Boston Red Stockings' ORDER BY T1.year ASC"
162@x_name@DESC,baseball_1,Line,Extra Hard,ambiguous column name: year,ambiguous column name: year,ambiguous_column_reference,flatten_nested_aggregate,high,True,1,0.965732,"SELECT year , AVG(count(*)) FROM postseason AS T1 JOIN team AS T2 ON T1.team_id_winner = T2.team_id_br WHERE T2.name = 'Boston Red Stockings' ORDER BY year DESC","SELECT T1.year , count(*) FROM postseason AS T1 JOIN team AS T2 ON T1.team_id_winner = T2.team_id_br WHERE T2.name = 'Boston Red Stockings' ORDER BY T1.year DESC"
163@x_name@ASC,baseball_1,Line,Extra Hard,ambiguous column name: year,ambiguous column name: year,ambiguous_column_reference,qualify_ambiguous_column,low,True,6,0.982759,"SELECT year , count(*) FROM postseason AS T1 JOIN team AS T2 ON T1.team_id_winner = T2.team_id_br WHERE T2.name = 'Boston Red Stockings' GROUP BY T1.year ORDER BY year ASC","SELECT T1.year , count(*) FROM postseason AS T1 JOIN team AS T2 ON T1.team_id_winner = T2.team_id_br WHERE T2.name = 'Boston Red Stockings' GROUP BY T1.year ORDER BY T1.year ASC"
163@x_name@DESC,baseball_1,Line,Extra Hard,ambiguous column name: year,ambiguous column name: year,ambiguous_column_reference,qualify_ambiguous_column,low,True,6,0.982857,"SELECT year , count(*) FROM postseason AS T1 JOIN team AS T2 ON T1.team_id_winner = T2.team_id_br WHERE T2.name = 'Boston Red Stockings' GROUP BY T1.year ORDER BY year DESC","SELECT T1.year , count(*) FROM postseason AS T1 JOIN team AS T2 ON T1.team_id_winner = T2.team_id_br WHERE T2.name = 'Boston Red Stockings' GROUP BY T1.year ORDER BY T1.year DESC"
164@x_name@ASC,baseball_1,Line,Extra Hard,ambiguous column name: year,ambiguous column name: year,ambiguous_column_reference,qualify_ambiguous_column,low,True,9,0.972136,"SELECT year , COUNT(year) FROM postseason AS T1 JOIN team AS T2 ON T1.team_id_winner = T2.team_id_br WHERE T2.name = 'Boston Red Stockings' ORDER BY year ASC","SELECT T1.year , COUNT(T1.year) FROM postseason AS T1 JOIN team AS T2 ON T1.team_id_winner = T2.team_id_br WHERE T2.name = 'Boston Red Stockings' ORDER BY T1.year ASC"
164@x_name@DESC,baseball_1,Line,Extra Hard,ambiguous column name: year,ambiguous column name: year,ambiguous_column_reference,qualify_ambiguous_column,low,True,9,0.972308,"SELECT year , COUNT(year) FROM postseason AS T1 JOIN team AS T2 ON T1.team_id_winner = T2.team_id_br WHERE T2.name = 'Boston Red Stockings' ORDER BY year DESC","SELECT T1.year , COUNT(T1.year) FROM postseason AS T1 JOIN team AS T2 ON T1.team_id_winner = T2.team_id_br WHERE T2.name = 'Boston Red Stockings' ORDER BY T1.year DESC"
2455@x_name@ASC,network_1,Bar,Hard,misuse of aggregate function count(),misuse of aggregate function count(),invalid_nested_aggregate,flatten_nested_aggregate,high,True,5,0.981132,"SELECT T2.name , SUM(count(*)) FROM Friend AS T1 JOIN Highschooler AS T2 ON T1.student_id = T2.id GROUP BY T2.name ORDER BY T2.name ASC","SELECT T2.name , count(*) FROM Friend AS T1 JOIN Highschooler AS T2 ON T1.student_id = T2.id GROUP BY T2.name ORDER BY T2.name ASC"
2455@x_name@DESC,network_1,Bar,Hard,misuse of aggregate function count(),misuse of aggregate function count(),invalid_nested_aggregate,flatten_nested_aggregate,high,True,5,0.981273,"SELECT T2.name , SUM(count(*)) FROM Friend AS T1 JOIN Highschooler AS T2 ON T1.student_id = T2.id GROUP BY T2.name ORDER BY T2.name DESC","SELECT T2.name , count(*) FROM Friend AS T1 JOIN Highschooler AS T2 ON T1.student_id = T2.id GROUP BY T2.name ORDER BY T2.name DESC"
2455@y_name@ASC,network_1,Bar,Hard,misuse of aggregate function count(),misuse of aggregate function count(),invalid_nested_aggregate,flatten_nested_aggregate,high,True,10,0.963235,"SELECT T2.name , SUM(count(*)) FROM Friend AS T1 JOIN Highschooler AS T2 ON T1.student_id = T2.id GROUP BY T2.name ORDER BY SUM(count(*)) ASC","SELECT T2.name , count(*) FROM Friend AS T1 JOIN Highschooler AS T2 ON T1.student_id = T2.id GROUP BY T2.name ORDER BY count(*) ASC"
2455@y_name@DESC,network_1,Bar,Hard,misuse of aggregate function count(),misuse of aggregate function count(),invalid_nested_aggregate,flatten_nested_aggregate,high,True,10,0.963504,"SELECT T2.name , SUM(count(*)) FROM Friend AS T1 JOIN Highschooler AS T2 ON T1.student_id = T2.id GROUP BY T2.name ORDER BY SUM(count(*)) DESC","SELECT T2.name , count(*) FROM Friend AS T1 JOIN Highschooler AS T2 ON T1.student_id = T2.id GROUP BY T2.name ORDER BY count(*) DESC"
2456@x_name@ASC,network_1,Bar,Hard,misuse of aggregate function count(),misuse of aggregate function count(),invalid_nested_aggregate,flatten_nested_aggregate,high,True,5,0.981132,"SELECT T2.name , AVG(count(*)) FROM Friend AS T1 JOIN Highschooler AS T2 ON T1.student_id = T2.id GROUP BY T2.name ORDER BY T2.name ASC","SELECT T2.name , count(*) FROM Friend AS T1 JOIN Highschooler AS T2 ON T1.student_id = T2.id GROUP BY T2.name ORDER BY T2.name ASC"
2456@x_name@DESC,network_1,Bar,Hard,misuse of aggregate function count(),misuse of aggregate function count(),invalid_nested_aggregate,flatten_nested_aggregate,high,True,5,0.981273,"SELECT T2.name , AVG(count(*)) FROM Friend AS T1 JOIN Highschooler AS T2 ON T1.student_id = T2.id GROUP BY T2.name ORDER BY T2.name DESC","SELECT T2.name , count(*) FROM Friend AS T1 JOIN Highschooler AS T2 ON T1.student_id = T2.id GROUP BY T2.name ORDER BY T2.name DESC"
2456@y_name@ASC,network_1,Bar,Hard,misuse of aggregate function count(),misuse of aggregate function count(),invalid_nested_aggregate,flatten_nested_aggregate,high,True,10,0.963235,"SELECT T2.name , AVG(count(*)) FROM Friend AS T1 JOIN Highschooler AS T2 ON T1.student_id = T2.id GROUP BY T2.name ORDER BY AVG(count(*)) ASC","SELECT T2.name , count(*) FROM Friend AS T1 JOIN Highschooler AS T2 ON T1.student_id = T2.id GROUP BY T2.name ORDER BY count(*) ASC"
2456@y_name@DESC,network_1,Bar,Hard,misuse of aggregate function count(),misuse of aggregate function count(),invalid_nested_aggregate,flatten_nested_aggregate,high,True,10,0.963504,"SELECT T2.name , AVG(count(*)) FROM Friend AS T1 JOIN Highschooler AS T2 ON T1.student_id = T2.id GROUP BY T2.name ORDER BY AVG(count(*)) DESC","SELECT T2.name , count(*) FROM Friend AS T1 JOIN Highschooler AS T2 ON T1.student_id = T2.id GROUP BY T2.name ORDER BY count(*) DESC"
1307@x_name@ASC,election,Bar,Hard,misuse of aggregate function COUNT(),misuse of aggregate function COUNT(),invalid_nested_aggregate,flatten_nested_aggregate,high,True,5,0.980989,"SELECT T2.Party , SUM(COUNT(*)) FROM election AS T1 JOIN party AS T2 ON T1.Party = T2.Party_ID GROUP BY T2.Party ORDER BY T2.Party ASC","SELECT T2.Party , COUNT(*) FROM election AS T1 JOIN party AS T2 ON T1.Party = T2.Party_ID GROUP BY T2.Party ORDER BY T2.Party ASC"
1307@x_name@DESC,election,Bar,Hard,misuse of aggregate function COUNT(),misuse of aggregate function COUNT(),invalid_nested_aggregate,flatten_nested_aggregate,high,True,5,0.981132,"SELECT T2.Party , SUM(COUNT(*)) FROM election AS T1 JOIN party AS T2 ON T1.Party = T2.Party_ID GROUP BY T2.Party ORDER BY T2.Party DESC","SELECT T2.Party , COUNT(*) FROM election AS T1 JOIN party AS T2 ON T1.Party = T2.Party_ID GROUP BY T2.Party ORDER BY T2.Party DESC"
1307@y_name@ASC,election,Bar,Hard,misuse of aggregate function COUNT(),misuse of aggregate function COUNT(),invalid_nested_aggregate,flatten_nested_aggregate,high,True,10,0.962687,"SELECT T2.Party , SUM(COUNT(*)) FROM election AS T1 JOIN party AS T2 ON T1.Party = T2.Party_ID GROUP BY T2.Party ORDER BY SUM(COUNT(*)) ASC","SELECT T2.Party , COUNT(*) FROM election AS T1 JOIN party AS T2 ON T1.Party = T2.Party_ID GROUP BY T2.Party ORDER BY COUNT(*) ASC"
1307@y_name@DESC,election,Bar,Hard,misuse of aggregate function COUNT(),misuse of aggregate function COUNT(),invalid_nested_aggregate,flatten_nested_aggregate,high,True,10,0.962963,"SELECT T2.Party , SUM(COUNT(*)) FROM election AS T1 JOIN party AS T2 ON T1.Party = T2.Party_ID GROUP BY T2.Party ORDER BY SUM(COUNT(*)) DESC","SELECT T2.Party , COUNT(*) FROM election AS T1 JOIN party AS T2 ON T1.Party = T2.Party_ID GROUP BY T2.Party ORDER BY COUNT(*) DESC"
1308@x_name@ASC,election,Bar,Hard,misuse of aggregate function COUNT(),misuse of aggregate function COUNT(),invalid_nested_aggregate,flatten_nested_aggregate,high,True,5,0.980989,"SELECT T2.Party , AVG(COUNT(*)) FROM election AS T1 JOIN party AS T2 ON T1.Party = T2.Party_ID GROUP BY T2.Party ORDER BY T2.Party ASC","SELECT T2.Party , COUNT(*) FROM election AS T1 JOIN party AS T2 ON T1.Party = T2.Party_ID GROUP BY T2.Party ORDER BY T2.Party ASC"
1308@x_name@DESC,election,Bar,Hard,misuse of aggregate function COUNT(),misuse of aggregate function COUNT(),invalid_nested_aggregate,flatten_nested_aggregate,high,True,5,0.981132,"SELECT T2.Party , AVG(COUNT(*)) FROM election AS T1 JOIN party AS T2 ON T1.Party = T2.Party_ID GROUP BY T2.Party ORDER BY T2.Party DESC","SELECT T2.Party , COUNT(*) FROM election AS T1 JOIN party AS T2 ON T1.Party = T2.Party_ID GROUP BY T2.Party ORDER BY T2.Party DESC"
1308@y_name@ASC,election,Bar,Hard,misuse of aggregate function COUNT(),misuse of aggregate function COUNT(),invalid_nested_aggregate,flatten_nested_aggregate,high,True,10,0.962687,"SELECT T2.Party , AVG(COUNT(*)) FROM election AS T1 JOIN party AS T2 ON T1.Party = T2.Party_ID GROUP BY T2.Party ORDER BY AVG(COUNT(*)) ASC","SELECT T2.Party , COUNT(*) FROM election AS T1 JOIN party AS T2 ON T1.Party = T2.Party_ID GROUP BY T2.Party ORDER BY COUNT(*) ASC"
1308@y_name@DESC,election,Bar,Hard,misuse of aggregate function COUNT(),misuse of aggregate function COUNT(),invalid_nested_aggregate,flatten_nested_aggregate,high,True,10,0.962963,"SELECT T2.Party , AVG(COUNT(*)) FROM election AS T1 JOIN party AS T2 ON T1.Party = T2.Party_ID GROUP BY T2.Party ORDER BY AVG(COUNT(*)) DESC","SELECT T2.Party , COUNT(*) FROM election AS T1 JOIN party AS T2 ON T1.Party = T2.Party_ID GROUP BY T2.Party ORDER BY COUNT(*) DESC"
2143@x_name@ASC,local_govt_in_alabama,Bar,Hard,misuse of aggregate function count(),misuse of aggregate function count(),invalid_nested_aggregate,flatten_nested_aggregate,high,True,5,0.988399,"SELECT T1.Participant_Type_Code , SUM(count(*)) FROM Participants AS T1 JOIN Participants_in_Events AS T2 ON T1.Participant_ID = T2.Participant_ID GROUP BY T1.Participant_Type_Code ORDER BY T1.Participant_Type_Code ASC","SELECT T1.Participant_Type_Code , count(*) FROM Participants AS T1 JOIN Participants_in_Events AS T2 ON T1.Participant_ID = T2.Participant_ID GROUP BY T1.Participant_Type_Code ORDER BY T1.Participant_Type_Code ASC"
2143@x_name@DESC,local_govt_in_alabama,Bar,Hard,misuse of aggregate function count(),misuse of aggregate function count(),invalid_nested_aggregate,flatten_nested_aggregate,high,True,5,0.988453,"SELECT T1.Participant_Type_Code , SUM(count(*)) FROM Participants AS T1 JOIN Participants_in_Events AS T2 ON T1.Participant_ID = T2.Participant_ID GROUP BY T1.Participant_Type_Code ORDER BY T1.Participant_Type_Code DESC","SELECT T1.Participant_Type_Code , count(*) FROM Participants AS T1 JOIN Participants_in_Events AS T2 ON T1.Participant_ID = T2.Participant_ID GROUP BY T1.Participant_Type_Code ORDER BY T1.Participant_Type_Code DESC"
2143@y_name@ASC,local_govt_in_alabama,Bar,Hard,misuse of aggregate function count(),misuse of aggregate function count(),invalid_nested_aggregate,flatten_nested_aggregate,high,True,10,0.975248,"SELECT T1.Participant_Type_Code , SUM(count(*)) FROM Participants AS T1 JOIN Participants_in_Events AS T2 ON T1.Participant_ID = T2.Participant_ID GROUP BY T1.Participant_Type_Code ORDER BY SUM(count(*)) ASC","SELECT T1.Participant_Type_Code , count(*) FROM Participants AS T1 JOIN Participants_in_Events AS T2 ON T1.Participant_ID = T2.Participant_ID GROUP BY T1.Participant_Type_Code ORDER BY count(*) ASC"
2143@y_name@DESC,local_govt_in_alabama,Bar,Hard,misuse of aggregate function count(),misuse of aggregate function count(),invalid_nested_aggregate,flatten_nested_aggregate,high,True,10,0.975369,"SELECT T1.Participant_Type_Code , SUM(count(*)) FROM Participants AS T1 JOIN Participants_in_Events AS T2 ON T1.Participant_ID = T2.Participant_ID GROUP BY T1.Participant_Type_Code ORDER BY SUM(count(*)) DESC","SELECT T1.Participant_Type_Code , count(*) FROM Participants AS T1 JOIN Participants_in_Events AS T2 ON T1.Participant_ID = T2.Participant_ID GROUP BY T1.Participant_Type_Code ORDER BY count(*) DESC"
2144@x_name@ASC,local_govt_in_alabama,Bar,Hard,misuse of aggregate function count(),misuse of aggregate function count(),invalid_nested_aggregate,flatten_nested_aggregate,high,True,5,0.988399,"SELECT T1.Participant_Type_Code , AVG(count(*)) FROM Participants AS T1 JOIN Participants_in_Events AS T2 ON T1.Participant_ID = T2.Participant_ID GROUP BY T1.Participant_Type_Code ORDER BY T1.Participant_Type_Code ASC","SELECT T1.Participant_Type_Code , count(*) FROM Participants AS T1 JOIN Participants_in_Events AS T2 ON T1.Participant_ID = T2.Participant_ID GROUP BY T1.Participant_Type_Code ORDER BY T1.Participant_Type_Code ASC"
2144@x_name@DESC,local_govt_in_alabama,Bar,Hard,misuse of aggregate function count(),misuse of aggregate function count(),invalid_nested_aggregate,flatten_nested_aggregate,high,True,5,0.988453,"SELECT T1.Participant_Type_Code , AVG(count(*)) FROM Participants AS T1 JOIN Participants_in_Events AS T2 ON T1.Participant_ID = T2.Participant_ID GROUP BY T1.Participant_Type_Code ORDER BY T1.Participant_Type_Code DESC","SELECT T1.Participant_Type_Code , count(*) FROM Participants AS T1 JOIN Participants_in_Events AS T2 ON T1.Participant_ID = T2.Participant_ID GROUP BY T1.Participant_Type_Code ORDER BY T1.Participant_Type_Code DESC"
2144@y_name@ASC,local_govt_in_alabama,Bar,Hard,misuse of aggregate function count(),misuse of aggregate function count(),invalid_nested_aggregate,flatten_nested_aggregate,high,True,10,0.975248,"SELECT T1.Participant_Type_Code , AVG(count(*)) FROM Participants AS T1 JOIN Participants_in_Events AS T2 ON T1.Participant_ID = T2.Participant_ID GROUP BY T1.Participant_Type_Code ORDER BY AVG(count(*)) ASC","SELECT T1.Participant_Type_Code , count(*) FROM Participants AS T1 JOIN Participants_in_Events AS T2 ON T1.Participant_ID = T2.Participant_ID GROUP BY T1.Participant_Type_Code ORDER BY count(*) ASC"
2144@y_name@DESC,local_govt_in_alabama,Bar,Hard,misuse of aggregate function count(),misuse of aggregate function count(),invalid_nested_aggregate,flatten_nested_aggregate,high,True,10,0.975369,"SELECT T1.Participant_Type_Code , AVG(count(*)) FROM Participants AS T1 JOIN Participants_in_Events AS T2 ON T1.Participant_ID = T2.Participant_ID GROUP BY T1.Participant_Type_Code ORDER BY AVG(count(*)) DESC","SELECT T1.Participant_Type_Code , count(*) FROM Participants AS T1 JOIN Participants_in_Events AS T2 ON T1.Participant_ID = T2.Participant_ID GROUP BY T1.Participant_Type_Code ORDER BY count(*) DESC"
1175,dog_kennels,Bar,Extra Hard,manual_post_pass_fix,no such column: T1.role_code,invalid_column_reference,rewrite_except_projection_arity,high,True,5,0.790698,"SELECT T1.role_code , COUNT(T1.role_code) FROM Professionals EXCEPT SELECT T1.professional_id , T1.role_code , T1.email_address FROM Professionals AS T1 JOIN Treatments AS T2 ON T1.professional_id = T2.professional_id GROUP BY T1.role_code","SELECT role_code , COUNT(role_code) FROM Professionals GROUP BY role_code EXCEPT SELECT T1.role_code , COUNT(T1.role_code) FROM Professionals AS T1 JOIN Treatments AS T2 ON T1.professional_id = T2.professional_id GROUP BY T1.role_code"
1180,dog_kennels,Pie,Extra Hard,manual_post_pass_fix,no such column: T1.role_code,invalid_column_reference,rewrite_except_projection_arity,high,True,5,0.790698,"SELECT T1.role_code , COUNT(T1.role_code) FROM Professionals EXCEPT SELECT T1.professional_id , T1.role_code , T1.email_address FROM Professionals AS T1 JOIN Treatments AS T2 ON T1.professional_id = T2.professional_id GROUP BY T1.role_code","SELECT role_code , COUNT(role_code) FROM Professionals GROUP BY role_code EXCEPT SELECT T1.role_code , COUNT(T1.role_code) FROM Professionals AS T1 JOIN Treatments AS T2 ON T1.professional_id = T2.professional_id GROUP BY T1.role_code"
1175@x_name@ASC,dog_kennels,Bar,Extra Hard,manual_post_pass_fix,no such column: T1.role_code,invalid_column_reference,rewrite_except_projection_arity,high,True,8,0.804598,"SELECT T1.role_code , COUNT(T1.role_code) FROM Professionals EXCEPT SELECT T1.professional_id , T1.role_code , T1.email_address FROM Professionals AS T1 JOIN Treatments AS T2 ON T1.professional_id = T2.professional_id GROUP BY T1.role_code ORDER BY T1.role_code ASC","SELECT role_code , COUNT(role_code) FROM Professionals GROUP BY role_code EXCEPT SELECT T1.role_code , COUNT(T1.role_code) FROM Professionals AS T1 JOIN Treatments AS T2 ON T1.professional_id = T2.professional_id GROUP BY T1.role_code ORDER BY role_code ASC"
1175@x_name@DESC,dog_kennels,Bar,Extra Hard,manual_post_pass_fix,no such column: T1.role_code,invalid_column_reference,rewrite_except_projection_arity,high,True,8,0.805344,"SELECT T1.role_code , COUNT(T1.role_code) FROM Professionals EXCEPT SELECT T1.professional_id , T1.role_code , T1.email_address FROM Professionals AS T1 JOIN Treatments AS T2 ON T1.professional_id = T2.professional_id GROUP BY T1.role_code ORDER BY T1.role_code DESC","SELECT role_code , COUNT(role_code) FROM Professionals GROUP BY role_code EXCEPT SELECT T1.role_code , COUNT(T1.role_code) FROM Professionals AS T1 JOIN Treatments AS T2 ON T1.professional_id = T2.professional_id GROUP BY T1.role_code ORDER BY role_code DESC"
1175@y_name@ASC,dog_kennels,Bar,Extra Hard,manual_post_pass_fix,no such column: T1.role_code,invalid_column_reference,rewrite_except_projection_arity,high,True,8,0.809701,"SELECT T1.role_code , COUNT(T1.role_code) FROM Professionals EXCEPT SELECT T1.professional_id , T1.role_code , T1.email_address FROM Professionals AS T1 JOIN Treatments AS T2 ON T1.professional_id = T2.professional_id GROUP BY T1.role_code ORDER BY COUNT(T1.role_code) ASC","SELECT role_code , COUNT(role_code) FROM Professionals GROUP BY role_code EXCEPT SELECT T1.role_code , COUNT(T1.role_code) FROM Professionals AS T1 JOIN Treatments AS T2 ON T1.professional_id = T2.professional_id GROUP BY T1.role_code ORDER BY COUNT(role_code) ASC"
1175@y_name@DESC,dog_kennels,Bar,Extra Hard,manual_post_pass_fix,no such column: T1.role_code,invalid_column_reference,rewrite_except_projection_arity,high,True,8,0.810409,"SELECT T1.role_code , COUNT(T1.role_code) FROM Professionals EXCEPT SELECT T1.professional_id , T1.role_code , T1.email_address FROM Professionals AS T1 JOIN Treatments AS T2 ON T1.professional_id = T2.professional_id GROUP BY T1.role_code ORDER BY COUNT(T1.role_code) DESC","SELECT role_code , COUNT(role_code) FROM Professionals GROUP BY role_code EXCEPT SELECT T1.role_code , COUNT(T1.role_code) FROM Professionals AS T1 JOIN Treatments AS T2 ON T1.professional_id = T2.professional_id GROUP BY T1.role_code ORDER BY COUNT(role_code) DESC"
2051,journal_committee,Bar,Extra Hard,manual_post_pass_fix,no such column: T1.Date,invalid_column_reference,repair_invalid_column_reference,medium,True,17,0.932039,"SELECT T1.Date , T1.Sales FROM journal EXCEPT SELECT T1.date , T1.theme , T1.sales FROM journal AS T1 JOIN journal_committee AS T2 ON T1.journal_ID = T2.journal_ID","SELECT date , sales FROM journal EXCEPT SELECT T1.date , T1.sales FROM journal AS T1 JOIN journal_committee AS T2 ON T1.journal_ID = T2.journal_ID"
2051@x_name@ASC,journal_committee,Bar,Extra Hard,manual_post_pass_fix,no such column: T1.Date,invalid_column_reference,repair_invalid_column_reference,medium,True,20,0.925287,"SELECT T1.Date , T1.Sales FROM journal EXCEPT SELECT T1.date , T1.theme , T1.sales FROM journal AS T1 JOIN journal_committee AS T2 ON T1.journal_ID = T2.journal_ID ORDER BY T1.Date ASC","SELECT date , sales FROM journal EXCEPT SELECT T1.date , T1.sales FROM journal AS T1 JOIN journal_committee AS T2 ON T1.journal_ID = T2.journal_ID ORDER BY date ASC"
2051@x_name@DESC,journal_committee,Bar,Extra Hard,manual_post_pass_fix,no such column: T1.Date,invalid_column_reference,repair_invalid_column_reference,medium,True,20,0.925714,"SELECT T1.Date , T1.Sales FROM journal EXCEPT SELECT T1.date , T1.theme , T1.sales FROM journal AS T1 JOIN journal_committee AS T2 ON T1.journal_ID = T2.journal_ID ORDER BY T1.Date DESC","SELECT date , sales FROM journal EXCEPT SELECT T1.date , T1.sales FROM journal AS T1 JOIN journal_committee AS T2 ON T1.journal_ID = T2.journal_ID ORDER BY date DESC"
2051@y_name@ASC,journal_committee,Bar,Extra Hard,manual_post_pass_fix,no such column: T1.Date,invalid_column_reference,repair_invalid_column_reference,medium,True,20,0.925714,"SELECT T1.Date , T1.Sales FROM journal EXCEPT SELECT T1.date , T1.theme , T1.sales FROM journal AS T1 JOIN journal_committee AS T2 ON T1.journal_ID = T2.journal_ID ORDER BY T1.Sales ASC","SELECT date , sales FROM journal EXCEPT SELECT T1.date , T1.sales FROM journal AS T1 JOIN journal_committee AS T2 ON T1.journal_ID = T2.journal_ID ORDER BY sales ASC"
2051@y_name@DESC,journal_committee,Bar,Extra Hard,manual_post_pass_fix,no such column: T1.Date,invalid_column_reference,repair_invalid_column_reference,medium,True,20,0.926136,"SELECT T1.Date , T1.Sales FROM journal EXCEPT SELECT T1.date , T1.theme , T1.sales FROM journal AS T1 JOIN journal_committee AS T2 ON T1.journal_ID = T2.journal_ID ORDER BY T1.Sales DESC","SELECT date , sales FROM journal EXCEPT SELECT T1.date , T1.sales FROM journal AS T1 JOIN journal_committee AS T2 ON T1.journal_ID = T2.journal_ID ORDER BY sales DESC"
2052,journal_committee,Bar,Extra Hard,manual_post_pass_fix,no such column: T1.Theme,invalid_column_reference,repair_invalid_column_reference,medium,True,16,0.935897,"SELECT T1.Theme , T1.Sales FROM journal EXCEPT SELECT T1.date , T1.theme , T1.sales FROM journal AS T1 JOIN journal_committee AS T2 ON T1.journal_ID = T2.journal_ID","SELECT theme , sales FROM journal EXCEPT SELECT T1.theme , T1.sales FROM journal AS T1 JOIN journal_committee AS T2 ON T1.journal_ID = T2.journal_ID"
2052@x_name@ASC,journal_committee,Bar,Extra Hard,manual_post_pass_fix,no such column: T1.Theme,invalid_column_reference,repair_invalid_column_reference,medium,True,19,0.929178,"SELECT T1.Theme , T1.Sales FROM journal EXCEPT SELECT T1.date , T1.theme , T1.sales FROM journal AS T1 JOIN journal_committee AS T2 ON T1.journal_ID = T2.journal_ID ORDER BY T1.Theme ASC","SELECT theme , sales FROM journal EXCEPT SELECT T1.theme , T1.sales FROM journal AS T1 JOIN journal_committee AS T2 ON T1.journal_ID = T2.journal_ID ORDER BY theme ASC"
2052@x_name@DESC,journal_committee,Bar,Extra Hard,manual_post_pass_fix,no such column: T1.Theme,invalid_column_reference,repair_invalid_column_reference,medium,True,19,0.929577,"SELECT T1.Theme , T1.Sales FROM journal EXCEPT SELECT T1.date , T1.theme , T1.sales FROM journal AS T1 JOIN journal_committee AS T2 ON T1.journal_ID = T2.journal_ID ORDER BY T1.Theme DESC","SELECT theme , sales FROM journal EXCEPT SELECT T1.theme , T1.sales FROM journal AS T1 JOIN journal_committee AS T2 ON T1.journal_ID = T2.journal_ID ORDER BY theme DESC"
2052@y_name@ASC,journal_committee,Bar,Extra Hard,manual_post_pass_fix,no such column: T1.Theme,invalid_column_reference,repair_invalid_column_reference,medium,True,19,0.929178,"SELECT T1.Theme , T1.Sales FROM journal EXCEPT SELECT T1.date , T1.theme , T1.sales FROM journal AS T1 JOIN journal_committee AS T2 ON T1.journal_ID = T2.journal_ID ORDER BY T1.Sales ASC","SELECT theme , sales FROM journal EXCEPT SELECT T1.theme , T1.sales FROM journal AS T1 JOIN journal_committee AS T2 ON T1.journal_ID = T2.journal_ID ORDER BY sales ASC"
2052@y_name@DESC,journal_committee,Bar,Extra Hard,manual_post_pass_fix,no such column: T1.Theme,invalid_column_reference,repair_invalid_column_reference,medium,True,19,0.929577,"SELECT T1.Theme , T1.Sales FROM journal EXCEPT SELECT T1.date , T1.theme , T1.sales FROM journal AS T1 JOIN journal_committee AS T2 ON T1.journal_ID = T2.journal_ID ORDER BY T1.Sales DESC","SELECT theme , sales FROM journal EXCEPT SELECT T1.theme , T1.sales FROM journal AS T1 JOIN journal_committee AS T2 ON T1.journal_ID = T2.journal_ID ORDER BY sales DESC"
2408,movie_1,Grouping Line,Extra Hard,manual_post_pass_fix,ambiguous column name: year,ambiguous_column_reference,qualify_ambiguous_column,low,True,9,0.966543,"SELECT year , COUNT(year) FROM Movie AS T1 JOIN Movie AS T2 ON T1.director = T2.director WHERE T1.title != T2.title GROUP BY title","SELECT T1.year , COUNT(T1.year) FROM Movie AS T1 JOIN Movie AS T2 ON T1.director = T2.director WHERE T1.title != T2.title GROUP BY T1.title"
2408@x_name@ASC,movie_1,Grouping Line,Extra Hard,manual_post_pass_fix,ambiguous column name: year,ambiguous_column_reference,qualify_ambiguous_column,low,True,12,0.961039,"SELECT year , COUNT(year) FROM Movie AS T1 JOIN Movie AS T2 ON T1.director = T2.director WHERE T1.title != T2.title GROUP BY title ORDER BY year ASC","SELECT T1.year , COUNT(T1.year) FROM Movie AS T1 JOIN Movie AS T2 ON T1.director = T2.director WHERE T1.title != T2.title GROUP BY T1.title ORDER BY T1.year ASC"
2408@x_name@DESC,movie_1,Grouping Line,Extra Hard,manual_post_pass_fix,ambiguous column name: year,ambiguous_column_reference,qualify_ambiguous_column,low,True,12,0.961290,"SELECT year , COUNT(year) FROM Movie AS T1 JOIN Movie AS T2 ON T1.director = T2.director WHERE T1.title != T2.title GROUP BY title ORDER BY year DESC","SELECT T1.year , COUNT(T1.year) FROM Movie AS T1 JOIN Movie AS T2 ON T1.director = T2.director WHERE T1.title != T2.title GROUP BY T1.title ORDER BY T1.year DESC"
